<?xml version = "1.0" encoding = "utf-8"?>
<!DOCTYPE hibernate-mapping PUBLIC 
"-//Hibernate/Hibernate Mapping DTD//EN"
"http://www.hibernate.org/dtd/hibernate-mapping-3.0.dtd"> 

<hibernate-mapping>
   <class name = "com.bean.Register" table = "user">
      
       <meta attribute = "class-description">
         This class contains the employee detail. 
      </meta>
      
      <id name = "id" type = "int" column = "id">
         <generator class="native"/>
      </id>
              
      <property name = "fn" column = "fn" type = "string"/>
      <property name = "ln" column = "ln" type = "string"/>
      <property name = "age" column = "age" type = "int"/>
      <property name = "gender" column = "gender" type = "string"/>
      <property name = "contact" column = "contact" type = "double"/>
      <property name = "userid" column = "userid" type = "string"/>
      <property name = "password" column = "password" type = "string"/>
      <property name = "email" column = "email" type = "string"/>
      <property name = "type" column = "type" type = "string"/>

      
      
   </class>
</hibernate-mapping>